,cloudiness,country,date,humidity,lat,lon,maxtemp,wind_speed
0,72,GF,1561605263,96,5.48,-53.21,74.39,4.59
1,0,GL,1561605263,69,77.48,-69.36,34.79,0.65
2,34,MV,1561605264,75,-0.6,73.08,83.39,10.36
3,52,NA,1561605264,56,-20.59,17.46,45.95,5.01
4,75,MM,1561605264,83,16.44,95.73,80.6,8.05
5,96,PG,1561605226,71,-2.57,150.8,85.01,10.94
6,5,US,1561605264,67,43.52,-114.32,60.8,4.05
7,90,CF,1561605265,82,10.3,22.78,72.77,3.74
8,0,VE,1561605265,94,9.91,-67.35,67.37,1.66
9,0,AU,1561605265,62,-42.78,147.06,60.01,12.75
10,75,AU,1561605215,72,-31.43,152.91,66.99,6.93
11,23,ZA,1561605265,46,-33.02,27.91,61.25,15.17
12,1,US,1561605195,93,42.65,-73.75,70,3.85
13,0,ZA,1561605266,100,-33.93,18.42,57.99,3.36
14,9,NZ,1561605266,84,-46.19,168.86,53.01,3
15,0,ZA,1561605266,87,-34.53,20.04,48.99,3.36
16,1,BR,1561605267,61,-8.26,-49.26,70.97,1.5
17,99,RU,1561605267,81,69.38,178.42,35.33,11.03
18,0,TM,1561605267,39,37.5,61.97,80.6,8.79
19,75,CA,1561605267,63,55.28,-114.77,64.4,4.7
20,0,PF,1561605268,81,-23.12,-134.97,74.21,10.65
21,0,EC,1561605268,95,-0.74,-90.35,72,12.64
22,21,AU,1561605268,53,-23.58,149.07,73.49,19.19
23,75,CA,1561605268,81,62.45,-114.38,53.6,14.99
24,0,ZA,1561605269,76,-34,24.73,53.51,8.86
25,75,US,1561605269,78,22.08,-159.32,80.6,11.41
26,100,PG,1561605269,68,-6.22,155.63,84.47,7.63
27,68,AR,1561605269,94,-46.43,-67.52,33.53,14.14
28,0,TR,1561605270,96,40.8,32.2,59.27,1.12
29,67,UY,1561605270,75,-33.53,-58.22,46.67,13.35
30,1,BR,1561605270,84,-21.64,-41.05,69.53,2.51
31,0,ZA,1561605270,90,-33.59,26.89,55,13.6
32,40,US,1561605170,73,30.3,-99.24,78.01,6.93
33,100,BY,1561605271,97,52.8,28,68.27,11.25
34,93,NO,1561605271,81,70.86,29.09,48.2,17.22
35,0,RU,1561605271,82,59.7,30.79,60.01,2.24
36,75,JP,1561605271,66,35.73,140.83,88,14.99
37,75,CN,1561605272,73,25.04,102.71,78.01,17.9
38,0,ID,1561605272,51,-8.63,122.22,79.25,5.7
39,100,MV,1561605215,74,5.67,73,83.03,8.84
40,90,RU,1561605272,87,64.42,-173.23,51.8,11.18
41,20,CA,1561605272,81,47.66,-52.73,46.99,3.36
42,0,FR,1561605273,69,45.6,-0.6,80.6,8.05
43,82,ID,1561605273,82,-7.37,108.54,76.01,3.87
44,0,FR,1561605273,93,46.42,3.91,62.6,3.36
45,9,IN,1561605273,80,19.57,74.2,76.55,5.26
46,0,ES,1561605334,61,38.18,-1.13,79,6.93
47,33,PL,1561605334,81,53.89,19.53,64,11.01
48,20,CA,1561605334,20,63.59,-135.9,73.4,6.93
49,0,BW,1561605334,47,-19.99,23.42,59,5.82
50,75,IN,1561605335,94,15.34,74.49,73.4,6.93
51,1,US,1561605093,88,33.19,-82.53,77,0.87
52,100,RU,1561605260,56,64.9,45.76,55.31,6.13
53,0,NZ,1561605136,68,-45.87,170.5,53.51,7.07
54,0,TM,1561605335,26,38.78,63.88,84.2,2.24
55,4,UY,1561605335,81,-33.69,-53.46,44.69,9.71
56,90,AR,1561605336,92,-54.81,-68.31,28.4,13.87
57,100,NO,1561605336,81,71.03,27.85,48.2,17.22
58,0,BR,1561605336,61,-30.17,-50.22,45.77,0.72
59,0,SA,1561605336,15,17.54,44.22,87.8,5.82
60,75,NU,1561605253,73,-19.06,-169.92,77,16.11
61,0,AU,1561605313,49,-33.21,138.6,64.49,16.24
62,0,AU,1561605337,62,-42.88,147.33,60.01,12.75
63,22,CK,1561605337,73,-21.21,-159.78,75.2,4.7
64,31,RU,1561605337,48,61.92,159.24,62.33,19.46
65,30,RU,1561605338,97,58.48,43.41,47.03,3.74
66,2,RU,1561605338,37,50.72,136.64,65.03,6.78
67,75,JP,1561605338,58,36.66,137.31,84.2,8.05
68,10,PF,1561605338,71,-9.8,-139.03,81.05,17.45
69,58,MN,1561605338,68,48.81,103.53,53.87,9.8
70,32,RU,1561605339,81,69.7,170.27,36.05,26.73
71,99,CN,1561605339,42,40.29,97.04,69.89,19.77
72,91,GH,1561605339,96,5.35,-0.62,73.13,3.51
73,20,IT,1561605339,69,38.28,16.3,80.01,5.82
74,100,CL,1561605340,79,-22.09,-70.2,58.55,3.65
75,100,NG,1561605163,87,10.41,10.6,74.03,10.27
76,90,VU,1561605340,88,-19.55,169.27,78.8,6.93
77,100,GL,1561605340,87,65.61,-37.64,42.8,2.24
78,0,OM,1561605341,79,23.6,58.55,87.8,2.24
79,17,AU,1561605341,30,-14.25,129.55,81.05,10.78
80,99,TL,1561605341,44,-8.93,125.41,82.13,1.88
81,97,GH,1561605341,94,4.89,-1.75,73.49,3.6
82,1,CA,1561605341,88,45.36,-73.48,71.6,6.93
83,20,GY,1561605342,88,6.8,-58.16,77,4.7
84,90,CA,1561605342,80,69.44,-133.03,41,13.87
85,82,AU,1561605342,13,-15.77,128.74,78.8,14.99
86,0,PT,1561605343,76,41.42,-6.55,62.51,0.78
87,66,US,1561605343,83,31.44,-87.99,82,2.91
88,75,US,1561605343,36,58.3,-134.42,80.6,10.29
89,2,PE,1561605344,87,-11.1,-77.61,62.51,12.93
90,1,CA,1561605344,93,54.32,-130.32,57.2,4.7
91,75,US,1561605404,89,28.61,-96.63,84.2,8.05
92,75,CA,1561605404,100,70.47,-68.59,33.8,11.41
93,90,OM,1561605405,100,17.01,54.1,80.6,5.82
94,90,IS,1561605405,100,63.84,-22.43,50,17.22
95,99,GL,1561605405,99,60.14,-45.24,36.77,9.37
96,0,AR,1561605405,47,-26.05,-65.39,43.97,4.41
97,90,US,1561605406,68,60.79,-161.76,68,17.22
98,0,IT,1561605406,73,45.16,10.79,81,4.7
99,0,RU,1561605406,32,67.8,130.41,69.71,2.39
100,10,ID,1561605406,58,0.12,117.47,88.79,4.5
101,40,PT,1561605407,77,37.73,-25.67,62.6,11.41
102,0,RU,1561605407,31,70.62,147.9,67.19,15.48
103,0,BR,1561605407,83,-15.46,-55.75,71.6,3.36
104,30,AU,1561605407,48,-33.64,115.35,57.99,29.59
105,0,ZA,1561605408,97,-34.42,19.24,51.01,1.01
106,75,CA,1561605408,56,43.26,-79.87,75.2,2.24
107,90,US,1561605408,65,19.71,-155.08,82.4,16.11
108,40,ES,1561605409,93,42.77,-9.06,64,1.12
109,75,MU,1561605409,83,-20.41,57.7,75.2,12.75
110,20,CA,1561605409,75,63.75,-68.52,44.6,5.82
111,100,NG,1561605409,99,10.52,7.44,69.53,5.75
112,100,YE,1561605410,60,13.97,44.18,73.13,3.96
113,75,MX,1561605410,79,16.99,-99.26,84.2,3.36
114,40,EG,1561605276,83,31.35,27.25,77,5.82
115,22,TZ,1561605410,70,-6.72,32.06,58.73,5.99
116,75,CN,1561605410,73,24.92,102.47,78.01,17.9
117,90,BR,1561605411,83,-2.54,-57.76,74.75,2.62
118,98,NO,1561605411,81,70.98,25.97,48.2,17.22
119,0,RU,1561605411,72,44.89,37.47,68,8.95
120,40,GR,1561605411,64,39.45,22.34,78.01,1.79
121,80,PT,1561605412,77,38.52,-28.7,64.13,16.13
122,50,PG,1561605412,77,-9.07,143.21,81.23,12.84
123,100,RU,1561605412,54,60.47,166.1,58.37,2.48
124,90,JP,1561605412,100,33.93,134.5,77,20.8
125,0,CL,1561605413,79,-53.16,-70.91,26.6,11.41
126,100,AU,1561605161,77,-17.52,146.03,68,7
127,77,RU,1561605413,44,50.38,90.44,48.83,2.68
128,100,IN,1561605413,64,22.08,85.35,87.89,6.76
129,0,MR,1561605413,39,18.08,-15.98,83.93,11.81
130,1,US,1561605414,88,39.31,-74.98,78.8,6.04
131,0,GL,1561605265,89,72.79,-56.15,33.89,9.28
132,100,RU,1561605142,90,47.15,134.34,57.11,11.34
133,40,CA,1561605414,82,55.74,-97.86,59,2.24
134,0,AO,1561605414,56,-14.66,17.68,49.37,4.03
135,0,EG,1561605415,35,28.42,30.79,77.99,6.33
136,20,CA,1561605415,36,65.28,-126.83,60.8,8.05
137,1,US,1561605475,53,39.95,-94.76,80.6,5.82
138,5,MX,1561605475,78,15.74,-96.47,82.99,4.12
139,0,RU,1561605475,33,71.98,102.47,57.11,7.4
140,0,KZ,1561605476,69,49.74,84.27,61.97,3.91
141,1,US,1561605476,83,39.62,-77.74,78.01,3.36
142,0,NZ,1561605476,54,-46.28,169.85,55.99,11.01
143,40,AU,1561605476,72,-34.58,150.85,66,8.05
144,75,MX,1561605477,78,19.05,-104.32,82.4,8.05
145,0,CA,1561605477,60,49.76,-94.48,73.4,3.36
146,98,GF,1561605270,94,4.94,-52.33,75.2,5.82
147,0,TZ,1561605477,92,-7.91,39.21,67.01,5.53
148,19,PL,1561605478,70,50.64,20.3,75,3
149,75,US,1561605217,93,41.28,-70.1,66,3.51
150,1,US,1561605478,64,47.91,-97.06,77,2.73
151,0,IT,1561605478,88,38.02,12.54,73.99,3.36
152,75,NO,1561605478,86,78.22,15.63,39.2,13.87
153,42,AU,1561605479,56,-25.3,152.85,77,25.28
154,1,US,1561605479,23,64.86,-147.8,78.8,9.17
155,67,PH,1561605479,83,14.19,121.92,81.23,4.74
156,0,IN,1561605479,52,30.78,78.62,45.41,5.3
157,2,ID,1561605480,51,-2.54,115.51,90.05,1.68
158,80,BR,1561605480,58,-20.63,-46,66.65,2.68
159,33,EC,1561605480,90,-0.9,-89.6,72.41,11.21
160,93,AR,1561605480,38,-38.31,-60.23,49.73,20.76
161,49,LY,1561605481,24,26.59,12.77,84.29,8.75
162,0,PF,1561605481,69,-16.48,-151.75,80.69,2.39
163,40,US,1561605481,82,33.75,-118.37,70,11.41
164,90,CA,1561605481,93,50.03,-66.88,55.4,8.05
165,75,CA,1561605481,56,49.72,-86.95,68,8.05
166,0,TR,1561605482,54,36.9,30.69,82.4,8.05
167,9,RU,1561605482,52,58.33,68.13,57.65,5.77
168,90,US,1561605482,82,34.64,-120.46,66,9.17
169,69,RU,1561605482,54,71.97,114.09,57.65,15.86
170,93,AR,1561605482,38,-38.38,-60.28,49.73,20.76
171,0,ID,1561605483,69,0.54,123.06,84.65,11.34
172,0,ZA,1561605483,48,-30.97,22.13,38.75,6.78
173,0,CA,1561605483,87,50.84,-101.7,59.27,4.27
174,88,IS,1561605483,92,64.25,-15.21,44.15,11.74
175,100,RU,1561605484,74,52.51,52.07,57.47,2.33
176,0,FR,1561605484,88,49.65,0.71,64,11.41
177,0,CA,1561605484,45,50.56,-96.99,71.01,5.23
178,20,MG,1561605484,94,-15.72,46.32,68,2.24
179,85,RU,1561605485,93,73.51,80.55,34.07,16.11
180,95,AO,1561605485,79,-6.13,12.37,73.49,12.37
181,90,PG,1561605485,83,-9.47,147.16,82.4,19.46
182,40,IN,1561605485,79,10.57,72.64,84.2,11.41
183,0,KZ,1561605486,34,45.32,55.19,78.71,7.52
184,0,ES,1561605486,72,40.81,0.52,70,3.36
185,90,GL,1561605546,93,60.91,-46.05,46.4,8.05
186,57,NA,1561605546,32,-24.14,19.11,50.81,9.46
187,100,RU,1561605546,99,46.45,135.83,58.19,3.56
188,90,AU,1561605547,56,-23.53,148.16,71.6,12.75
189,0,IR,1561605547,17,31.03,61.49,86,31.09
190,20,PT,1561605547,93,37.7,-8.08,62.01,5.82
191,1,US,1561605548,60,34.06,-117.19,75,10.29
192,86,KZ,1561605548,27,44.14,52.16,79.97,6.89
193,0,EG,1561605271,81,30.6,32.27,71.69,6.15
194,12,FR,1561605548,93,48.83,-1.36,64.99,9.17
195,75,NO,1561605548,93,63.66,9.57,53.01,17.22
196,75,CL,1561605549,87,-42.48,-73.76,46.4,11.41
197,100,CG,1561605549,95,1.61,16.05,68.63,3.98
198,0,TR,1561605549,69,36.95,36.2,79,16.11
199,100,VN,1561605549,54,20.25,105.97,90.59,4.56
200,0,CL,1561605550,76,-29.95,-71.34,53.01,9.28
201,100,IS,1561605550,97,63.44,-20.27,52.61,17.18
202,5,MX,1561605267,25,22.89,-109.91,91.4,10.29
203,2,RU,1561605550,24,69.3,139.9,74.75,10
204,100,IN,1561605551,97,25.91,93.73,74.75,4.34
205,0,AU,1561605551,42,-31.97,141.45,64.4,16.11
206,0,IT,1561605551,73,45.44,10.99,79,4.7
207,0,RU,1561605551,41,65.95,111.51,77,6.71
208,75,AU,1561605303,82,-31.95,115.86,61,17.22
209,40,BB,1561605552,69,13.22,-59.52,82.4,23.04
210,100,RU,1561605552,78,68.05,39.51,51.35,12.44
211,95,OM,1561605552,60,22.57,59.53,85.73,9.86
212,10,MX,1561605552,43,26.8,-109.39,89.01,5.44
213,100,ID,1561605553,77,-7.95,110.28,77.09,13.06
214,91,RU,1561605553,36,68.75,161.3,64.31,17.78
215,90,CA,1561605553,93,50.2,-66.38,55.4,8.05
216,100,CM,1561605553,98,6.75,11.81,61.43,0.45
217,98,KZ,1561605553,74,53.07,76.1,60.53,10.89
218,0,ZW,1561605554,92,-20.19,32.62,52.79,2.55
219,0,RU,1561605554,33,71.64,128.87,72.77,12.71
220,0,AU,1561605267,25,-25.24,130.99,62.6,6.93
221,9,BR,1561605554,85,-17.73,-39.27,73.49,6.11
222,3,IN,1561605555,78,23.26,68.83,85.55,17.16
223,100,CN,1561605555,87,32.14,105.51,71.51,4
224,32,SD,1561605555,53,14.2,24.66,75.83,9.44
225,66,PG,1561605555,74,-3.66,152.44,82.67,11.36
226,75,JP,1561605446,78,34.71,137.73,80.6,11.41
227,75,CA,1561605459,64,48.48,-81.33,68,6.93
228,75,ET,1561605616,72,8.96,38.73,60.8,3.36
229,90,US,1561605616,93,37.46,-122.43,64.4,11.41
230,0,FR,1561605616,94,48.95,4.24,75.2,10.29
231,95,NA,1561605617,82,-22.95,14.51,59,13.87
232,0,PK,1561605617,45,28.49,66.26,72.77,3
233,0,PY,1561605617,80,-26.98,-56.83,42.53,5.35
234,1,KI,1561605617,75,3.07,172.79,83.75,12.95
235,100,BR,1561605618,97,-9.01,-35.22,70.79,1.52
236,40,US,1561605618,55,20.89,-156.47,87.8,9.17
237,40,DZ,1561605618,90,36.1,0.42,72.41,9.95
238,0,CV,1561605619,85,14.9,-24.5,74.21,21.32
239,61,CI,1561605619,96,8.36,-4.43,71.33,4.83
240,88,RU,1561605619,32,61.28,108.01,80.51,4.76
241,75,CA,1561605502,42,52.13,-122.14,64.4,2.24
242,90,CA,1561605619,87,49.78,-74.86,60.8,8.05
243,0,MR,1561605620,17,20.52,-13.05,91.49,15.32
244,100,RU,1561605620,93,54.44,113.59,50.45,5.19
245,20,TZ,1561605620,74,-5.38,39.7,79.43,25.28
246,5,MX,1561605620,78,15.86,-97.07,82.4,1.88
247,0,GL,1561605621,80,69.22,-51.1,41,6.93
248,1,US,1561605621,65,35.41,-99.4,82.4,11.41
249,100,TZ,1561605621,87,-4.5,37.91,64.85,12.84
250,1,US,1561605386,49,55.34,-131.65,80.6,16.11
251,0,NA,1561605531,100,-26.65,15.16,48.2,4.7
252,40,CA,1561605485,33,54.78,-127.17,77,14.99
253,0,RU,1561605622,22,67.55,133.39,79.97,2.86
254,0,AU,1561605622,77,-33.86,121.89,59,19.46
255,0,ZA,1561605622,62,-34.05,23.37,54.41,4.79
256,100,EE,1561605622,98,59.1,26.19,54.77,0.18
257,75,NG,1561605622,85,12.18,6.51,74.57,14.14
258,100,MM,1561605623,82,16.08,97.57,81.77,10.56
259,0,IN,1561605623,23,29.7,75.25,101.21,5.06
260,90,US,1561605320,93,43.66,-70.25,66,4.7
261,98,ID,1561605623,75,5.56,95.32,83.75,14.09
262,73,MV,1561605623,76,5.1,73.07,83.21,8.77
263,0,AR,1561605624,58,-31.25,-61.49,41,1.01
264,75,CA,1561605624,63,54.52,-128.61,71.01,2.24
265,5,RO,1561605624,93,45.2,27.57,60.8,1.12
266,0,AU,1561605625,63,-37.83,140.78,60.8,14.99
267,0,BR,1561605625,88,-22.97,-42.02,71.6,4.7
268,62,RU,1561605625,77,52.57,78.94,69.35,8.48
269,6,SE,1561605685,100,57.79,14.13,59,4.7
270,11,AR,1561605641,25,-31.54,-68.53,45.95,9.01
271,0,RS,1561605687,100,45.41,19.89,73.99,2.24
272,1,US,1561605687,33,43.97,-111.68,75.2,5.82
273,75,HN,1561605687,83,15.09,-87.97,77,4.7
274,0,RS,1561605688,100,43.39,19.65,60.8,1.12
275,75,AU,1561605672,88,-28.95,153.24,69.8,8.05
276,0,ZA,1561605688,77,-28.55,16.43,54.95,4.38
277,33,PH,1561605689,64,15.79,120.99,88.43,5.7
278,0,ZA,1561605689,48,-31.47,19.78,46.31,9.53
279,67,FO,1561605690,100,62.16,-7.17,50,5.82
280,10,ZA,1561605690,93,-27.03,28.6,43.43,8.03
281,100,CD,1561605690,88,1.23,23.61,72.05,0.47
282,100,CN,1561605690,82,40.77,114.88,59.99,3.96
283,75,US,1561605691,73,36.85,-75.98,80.01,3.36
284,99,CN,1561605691,46,33,112.53,88.07,6.15
285,100,RU,1561605691,50,54.43,119.94,66.11,5.68
286,84,RU,1561605691,71,50.68,47.44,62.69,1.61
287,100,CN,1561605691,57,32.78,118.01,83.75,7.9
288,98,RU,1561605692,75,42.73,133.08,68.81,7.25
289,77,NZ,1561605692,85,-46.13,167.69,53.01,3
290,35,AU,1561605692,57,-37.56,143.86,62.01,18.03
291,100,YE,1561605692,42,15.17,44.32,75.83,1.57
292,75,MX,1561605450,79,16.86,-99.88,84.2,3.36
293,0,ML,1561605453,8,22.68,-3.98,94.73,9.93
294,32,AU,1561605693,25,-20.77,117.15,77.81,3.38
295,0,MR,1561605693,73,20.93,-17.03,71.6,21.92
296,0,CN,1561605693,17,42.84,93.51,76.91,12.84
297,100,IN,1561605693,49,24.53,84.02,93.29,13.96
298,100,RU,1561605694,74,67.55,63.78,46.13,8.03
299,40,TR,1561605694,88,38.92,27.84,62.6,9.17
300,0,ID,1561605557,73,4.14,96.13,81.77,3.62
301,0,HR,1561605694,65,43.52,16.25,78.01,3.36
302,40,PT,1561605695,77,37.72,-25.43,62.6,11.41
303,0,AR,1561605657,53,-43.25,-65.31,46.49,20
304,100,RU,1561605695,58,64,44.44,54.23,4.36
305,15,US,1561605695,61,42.87,-97.4,80.6,10.29
306,0,TR,1561605695,78,37.27,28.22,75.2,2.24
307,0,ZA,1561605695,58,-34.04,23.05,55.4,6.93
308,40,MX,1561605696,70,21.05,-89.07,86,4.7
309,25,AU,1561605696,33,-20.73,139.49,75.2,9.17
310,78,SB,1561605696,70,-8.15,159.59,84.47,8.61
311,1,CU,1561605696,74,22.2,-84.09,85.01,22.59
312,100,RU,1561605697,96,50.68,156.12,40.55,17.54
313,90,MX,1561605675,83,20.71,-105.21,84.99,4.7
314,49,FO,1561605697,100,62.23,-6.59,50,5.82
315,0,BR,1561605697,57,-19.16,-45.45,65.39,0.25
316,100,PA,1561605697,80,8.06,-78.36,81.59,6.91
317,99,GW,1561605486,78,11.28,-15.83,79.79,11.25
318,75,CA,1561605758,87,53.65,-115.58,55.4,4.7
319,10,IE,1561605758,90,54.63,-8.45,50,1.99
320,24,NA,1561605758,26,-22.45,18.97,59,9.17
321,100,GT,1561605758,97,15.53,-89.34,71.51,0.51
322,32,ID,1561605758,72,-5.36,104.98,80.15,3.89
323,100,NO,1561605759,87,66.02,12.63,48.2,5.82
324,46,AT,1561605759,94,47.55,15.56,69.01,1.12
325,1,SN,1561605759,56,14.9,-12.46,85.19,19.66
326,0,FR,1561605760,93,46.04,4.03,75.2,3.36
327,0,BS,1561605760,68,24.9,-76.2,83.93,9.64
328,75,MX,1561605760,20,28.39,-105.62,87.01,8.05
329,40,AR,1561605760,87,-45.87,-67.48,44.6,8.05
330,0,DK,1561605760,84,57.33,10.52,55.99,5.99
331,0,RU,1561605761,89,58.3,37.86,53.69,4.32
332,20,BR,1561605691,94,-5.2,-35.46,73.4,4.7
333,100,GL,1561605761,100,61.99,-49.67,41.09,8.23
334,74,AU,1561605657,34,-23.7,133.88,64.4,8.05
335,24,MN,1561605761,54,45.76,106.27,57.65,17.87
336,18,MG,1561605762,91,-24.69,44.75,64.49,10.98
337,25,KZ,1561605762,75,53.88,67.42,54.05,9.01
338,100,GL,1561605762,100,64.17,-51.74,48.2,6.93
339,100,CN,1561605762,44,39.73,98.49,65.93,13.6
340,0,ZA,1561605763,58,-33.59,22.2,55.4,6.93
341,98,RU,1561605763,56,67.67,53.09,54.59,8.19
342,75,BN,1561605763,79,5.28,115.24,87.8,4.7
343,52,BR,1561605764,93,-5.81,-61.3,73.31,2.44
344,1,US,1561605686,60,44.94,-91.39,73.99,3.36
345,5,MX,1561605659,15,23.99,-104.67,78.8,10.29
346,90,MX,1561605764,87,19.14,-100.12,63,4.21
347,100,NO,1561605765,81,59.36,5.22,53.6,10.29
348,0,SA,1561605765,64,25.02,37.27,85.73,9.46
349,100,YE,1561605765,63,14.3,44.38,72.59,2.66
350,97,PH,1561605654,77,13.8,121.11,82.67,6.73
351,99,PG,1561605765,77,-2.02,147.27,83.93,6.33
352,0,NZ,1561605697,76,-45.41,167.72,47.21,4.14
353,40,RU,1561605766,52,69.49,88.39,48.2,8.95
354,1,PR,1561605766,88,17.97,-66.91,80.01,8.05
355,0,SY,1561605766,49,35.3,37.18,75.47,11.21
356,1,US,1561605766,83,40.27,-96.75,80.6,6.93
357,62,MX,1561605767,82,18.9,-100.74,74.39,2.84
358,0,GL,1561605767,80,68.82,-51.19,41,6.93
359,4,ES,1561605767,68,28.66,-17.92,68,5.82
360,90,AU,1561605767,64,-28.98,153.42,69.8,13.87
361,100,CI,1561605828,97,5.79,-6.61,71.33,2.62
362,0,KZ,1561605828,60,49.68,83.3,68.81,1.79
363,0,MG,1561605828,88,-14.27,50.17,65.57,3.13
364,90,CA,1561605828,93,49.12,-68.38,64,14.99
365,20,PT,1561605829,52,32.7,-16.77,68,6.93
366,0,EG,1561605829,42,27.18,31.19,80.6,2.24
367,67,US,1561605759,68,37.17,-99.65,79,11.01
368,75,JP,1561605829,74,31.65,131.31,82.4,6.93
369,90,CL,1561605593,93,-36.72,-73.12,55.4,13.87
370,1,RU,1561605830,21,70,135.55,81.41,2.46
371,100,SE,1561605830,62,65.32,21.48,54,11.41
372,75,MU,1561605830,94,-20.01,57.66,73.99,16.11
373,0,EG,1561605831,88,31.4,30.42,75.2,7.05
374,0,BR,1561605831,45,-13.44,-49.14,70.79,2.48
375,75,JP,1561605831,88,24.8,125.28,82.4,18.34
376,0,RU,1561605831,24,67.46,153.71,72.95,18.61
377,0,FR,1561605831,73,41.93,8.74,77,8.05
378,0,ZA,1561605832,85,-33.3,23.49,42.89,4.65
379,20,MG,1561605832,88,-16.11,46.64,68,2.24
380,75,CA,1561605832,82,50.7,-127.42,59,12.75
381,100,HN,1561605832,91,14.68,-86.92,67.37,5.95
382,100,ID,1561605833,75,1.74,98.78,81.77,5.79
383,53,BR,1561605833,72,-22.29,-46.61,65.39,6.26
384,100,PH,1561605833,75,6.37,126.17,81.59,7.54
385,30,AU,1561605833,59,-38.11,147.06,60.01,2.89
386,100,NO,1561605725,73,67.67,12.69,46.85,18.03
387,75,ID,1561605834,65,-8.71,116.27,82.4,10.29
388,0,NA,1561605834,80,-18.06,13.84,44.87,1.86
389,90,CA,1561605834,71,50.23,-63.6,57.2,8.05
390,0,SN,1561605834,83,14.49,-16.06,78.8,6.93
391,99,CN,1561605835,95,32.73,108.99,67.73,2.62
392,90,US,1561605835,100,45.66,-68.71,57.99,3.36
393,100,RU,1561605835,97,65.58,-170.99,47.21,5.73
394,60,RU,1561605835,75,45.09,133.51,74.21,5.93
395,100,CN,1561605836,42,37.68,112.73,82.4,4.47
396,20,GR,1561605836,88,35.47,23.6,80.01,4.7
397,7,BR,1561605836,91,-18.98,-40.74,63.95,4.32
398,91,CD,1561605836,85,-5.83,13.46,67.73,5.01
399,75,CL,1561605768,93,-41.87,-73.83,46.4,9.17
400,0,AF,1561605897,30,36.86,70.83,67.19,1.92
401,0,BO,1561605897,75,-19.79,-63.2,45.41,1.86
402,75,BR,1561605897,65,-3.71,-38.6,80.6,12.75
403,58,EC,1561605897,84,0.61,-80.02,76.55,15.21
404,0,BR,1561605897,100,-6.97,-34.84,71.6,4.7
405,97,JP,1561605898,91,32.19,130.02,75.29,16.98
406,8,AO,1561605898,82,-12.58,13.4,69.35,10.58
407,0,BR,1561605898,94,-2.92,-39.92,72.41,5.48
408,24,IR,1561605898,8,33.6,56.92,91.4,4.7
409,0,LY,1561605899,56,29.03,21.55,79.25,9.84
410,40,RU,1561605899,100,56.06,37.86,63,8.95
411,75,JP,1561605899,65,39.11,141.75,78.8,3.36
412,96,CD,1561605899,99,2.77,27.62,67.19,1.36
413,20,CO,1561605899,78,5.66,-67.63,82.4,6.46
414,40,BR,1561605900,88,-6.09,-35.21,73.4,5.82
415,40,AU,1561605900,45,-31.09,150.93,66.2,16.11
416,90,US,1561605900,87,40.8,-124.16,59,4.7
417,40,KZ,1561605900,71,54.94,68.54,51.8,11.18
418,45,RU,1561605901,55,66.83,70.83,50.63,6.55
419,100,CL,1561605901,99,-32.75,-70.73,46,2.66
420,0,RU,1561605902,60,56.5,93.28,75.2,4.47
421,1,US,1561605902,60,46.98,-95.91,78.8,4.61
422,100,AU,1561605902,78,-41.05,145.91,55,5.84
423,1,OM,1561605902,67,22.69,58.55,78.53,2.95
424,1,US,1561605686,46,48.23,-101.3,73.99,6.93
425,100,CN,1561605903,67,25.94,116.13,86.81,3.38
426,100,CN,1561605903,51,38.94,100.46,60.35,8.84
427,75,NO,1561605748,93,71,24.66,44.6,29.97
428,75,CA,1561605767,37,50.69,-121.94,71.6,23.04
429,100,NG,1561605903,98,5.43,7.07,72.23,4.18
430,75,KZ,1561605904,83,52.04,76.93,69.8,13.42
431,20,CU,1561605904,78,22.56,-79.83,77,5.82
432,92,BJ,1561605904,91,7.93,1.98,72.41,5.12
433,40,TH,1561605904,59,18.53,98.94,89.6,8.05
434,0,FR,1561605905,82,44.38,4.99,72,2.24
435,100,RU,1561605905,89,65.8,87.96,56.21,19.01
436,1,US,1561605905,82,59.64,-151.54,72,11.41
437,89,CA,1561605905,77,49.17,-101.8,61,1.99
438,100,PH,1561605906,78,10.68,122.95,82.49,14.52
439,75,AU,1561605906,54,-13.85,136.42,82.4,8.05
440,0,GY,1561605906,77,3.36,-59.84,77.09,11.18
441,72,BY,1561605906,94,53.9,25.3,66.83,12.39
442,0,FR,1561605907,73,43.56,6.97,82.99,4.7
443,10,PK,1561605907,74,25.21,64.64,83.57,14.63
444,100,CN,1561605907,82,47.61,126.08,69.89,10.31
445,0,GB,1561605877,93,53,-0.41,53.6,4.7
446,99,CN,1561605967,47,32.27,111.65,88.25,8.93
447,40,AU,1561605669,68,-28,153.41,73,13.87
448,0,IR,1561605968,40,31.56,48.19,86,4.7
449,39,AU,1561605968,66,-34.72,135.86,62.33,24.52
450,75,AU,1561605825,82,-31.65,116.67,57.2,17.22
451,1,CA,1561605968,68,46.19,-82.96,66.2,4.16
452,1,US,1561605764,29,44.25,-116.97,81,4.7
453,1,US,1561605903,94,34.85,-82.4,77,3.06
454,33,ZA,1561605969,69,-28.77,32.06,68.63,20.07
455,75,CN,1561605969,69,31.35,118.43,80.6,4.47
456,1,US,1561605969,94,41.43,-84.87,77,5.57
457,100,RU,1561605970,81,44.76,136.29,54.77,6.06
458,20,ID,1561605970,45,-10.16,123.6,86,13.87
459,92,CN,1561605970,64,24.79,112.38,84.11,4.92
460,100,IN,1561605970,75,23.85,73.71,82.85,14.32
461,100,MG,1561605971,96,-15.43,49.74,62.69,2.26
462,0,RU,1561605971,59,56.82,67.39,56.57,4.5
463,66,RU,1561605971,82,53.59,142.95,44.69,20.47
464,0,BS,1561605971,76,26.54,-77.06,83.03,9.95
465,97,RU,1561605972,58,50.14,48.57,64.49,4.03
466,0,FR,1561605972,77,49.28,6.2,73.99,14.99
467,1,US,1561605972,21,36.41,-105.57,69.8,5.82
468,1,US,1561605972,38,47.93,-96.78,75.2,4.7
469,0,CA,1561605845,46,50.63,-96.99,71.01,4.21
470,0,BO,1561605973,68,-18.83,-63.47,46.49,0.65
471,1,US,1561605964,36,34.58,-117.41,80.6,17.22
472,91,ET,1561605973,90,10.07,34.53,65.21,0.85
473,86,RU,1561605973,67,56.26,62.94,56.21,3.62
474,100,RU,1561605973,91,66.32,-179.17,39.11,8.3
475,100,SB,1561605974,80,-10.46,161.92,82.85,6.51
476,40,IN,1561605974,46,28.58,77.04,97,6.93
477,75,BR,1561605974,94,-9.67,-35.74,73.4,12.75
478,43,ID,1561605974,67,-7.93,111.77,76.91,7.31
479,60,KE,1561605974,88,-1.8,37.62,62.33,1.88
480,30,CN,1561605975,63,49.28,120.73,67.55,16.96
481,0,KM,1561605975,76,-12.28,43.74,76.55,18.88
482,0,RU,1561605975,34,60.35,102.28,81.41,4.23
483,90,RU,1561605975,93,60.73,77.6,50,8.95
484,90,CA,1561605976,56,53.82,-101.24,68,2.24
485,73,MV,1561605903,71,0.53,72.93,83.75,7.96
486,99,PH,1561605976,66,17.54,120.52,86.09,4.81
487,0,NZ,1561605976,59,-42.72,170.96,49.73,4.43
488,0,BR,1561605964,78,2.82,-60.67,78.8,8.05
489,0,NP,1561605977,64,29.28,82.18,63.77,3.15
490,100,IN,1561605904,82,11.67,92.75,84.29,19.91
491,90,PE,1561605977,87,-13.71,-76.2,61,2.24
492,20,RU,1561606037,94,56.57,36.46,52.43,5.41
493,100,MX,1561606037,75,19.94,-103.76,71.51,3.71
494,83,EE,1561606038,93,58.36,25.64,55.4,2.24
495,0,BW,1561606038,66,-23.67,22.79,49.73,11.92
496,75,JP,1561605755,94,33.72,135.99,77,23.04
497,22,UY,1561606038,73,-34.48,-54.34,43.79,10
498,69,AU,1561606038,37,-20.74,116.85,77.45,5.48
499,75,US,1561606039,94,29.94,-90.04,86,9.64
500,16,GA,1561606039,75,-0.72,8.78,76.01,10.56
501,0,AO,1561606039,50,-11.56,20.78,54.23,4.79
502,0,ZW,1561606039,90,-21.05,31.67,52.25,3.83
503,90,CA,1561606040,76,51.56,-114.1,64.4,7.27
504,20,CA,1561606040,81,47.58,-53.28,48,3.36
505,20,ID,1561605793,59,1.49,124.85,89.6,5.82
506,0,RU,1561606040,53,55.79,84.89,73.4,11.18
507,0,PT,1561605761,77,37.14,-8.45,64.4,6.93
508,75,US,1561606041,23,64.84,-147.72,77,8.05
509,75,PT,1561606041,100,41.72,-8.86,64,1.36
510,90,FI,1561606041,100,60.45,22.03,57,6.93
511,1,US,1561606041,10,33.13,-107.25,91.4,11.41
512,93,CD,1561606042,94,0.77,24.47,70.25,1.01
513,75,JP,1561606042,54,36.58,137.08,84.2,13.87
514,62,TM,1561606042,42,42.05,59.39,82.4,16.11
515,40,CY,1561605791,93,34.92,32.53,73.4,5.82
516,69,ES,1561606042,73,37.63,-1,77,11.41
517,1,US,1561605825,28,38.09,-102.62,82.4,21.92
518,82,PE,1561606043,90,-11.78,-75.5,38.39,1.63
519,0,BO,1561606043,28,-18.9,-66.78,43.79,8.32
520,0,SA,1561606043,38,31.68,38.65,75.2,11.41
521,100,RU,1561606043,47,56.27,91.08,78.71,0.58
522,91,CN,1561606044,74,27.66,111.45,80.33,2.39
523,90,CA,1561606044,88,51.26,-80.61,62.6,3.36
524,75,CA,1561606044,46,68.22,-135.01,50,5.82
525,0,KZ,1561605977,66,51.1,66.31,60.53,10.71
526,40,CN,1561606045,74,25.02,118.29,87.8,6.71
527,2,BR,1561605981,48,-13.28,-50.16,71.33,3.49
528,0,SE,1561606045,66,62.49,17.33,55,13.87
529,20,PA,1561606045,94,8.78,-82.64,78.8,3.87
530,100,CA,1561606045,64,60.75,-137.51,59.27,5.03
531,86,AR,1561606046,33,-35.66,-63.75,47.57,13.85
532,0,EG,1561606046,83,31.42,31.81,77,3.36
533,62,RU,1561606046,74,66.66,66.39,43.43,4.23
534,24,ID,1561606046,83,-5.67,132.75,78.35,21.63
535,87,TR,1561606047,95,40.73,31.61,64.13,0.34
536,100,PW,1561605846,89,7.04,134.26,79.79,14.54
537,1,US,1561605991,53,61.22,-149.89,77,10.29
538,100,MX,1561606047,96,17.31,-98.74,63.77,4.07
539,66,ID,1561606047,62,-0.9,119.87,85.55,6.44
540,75,US,1561606108,78,29.67,-95.02,84.2,4.7
541,100,RU,1561606108,70,54.46,64.85,56.75,5.37
542,1,US,1561605945,88,33.83,-87.28,79,3.47
543,73,CN,1561606109,80,25.49,103.8,70.43,15.08
544,100,GA,1561606109,96,1.03,10.67,65.57,2.48
545,90,CL,1561606109,100,-45.58,-72.07,35.6,3.67
546,0,PL,1561606109,88,52.23,20.24,75.99,12.75
547,75,US,1561606109,88,34.99,-86.85,79,0.36
548,11,RU,1561606110,30,59.36,143.24,78.71,13.67
549,0,AR,1561606110,53,-43.3,-65.11,46.49,20
550,100,NG,1561606110,97,4.92,6.26,73.13,2.68
551,0,PG,1561605976,72,-2.67,141.3,82.67,7.18
552,11,PG,1561606110,64,-3.15,142.36,84.65,6.64
553,40,TR,1561606111,93,39.78,30.52,64.4,5.82
554,0,FR,1561606111,88,45.68,6.39,72,1.12
555,100,EE,1561606111,93,57.82,26.93,55.4,2.24
